{
  "E2B": {
    "q_proj": {
      "shape": [
        2048,
        1536
      ],
      "H": 7.125919342041016,
      "r_eff": 1243.7911376953125,
      "alpha": 0.6237036605494324,
      "r2": 0.7074294857107245,
      "compression": 109.71428571428571,
      "explained": 0.10471365637611996,
      "walltime": 0.37282079097349197
    },
    "down_proj": {
      "shape": [
        1536,
        6144
      ],
      "H": 7.262606620788574,
      "r_eff": 1425.9686279296875,
      "alpha": 0.34835209755868896,
      "r2": 0.8500014405540415,
      "compression": 153.6,
      "explained": 0.05757181241447995,
      "walltime": 1.3648311249853577
    }
  },
  "E4B": {
    "q_proj": {
      "shape": [
        2048,
        2560
      ],
      "H": 7.429090976715088,
      "r_eff": 1684.27587890625,
      "alpha": 0.6090160329045671,
      "r2": 0.6699075078047603,
      "compression": 142.22222222222223,
      "explained": 0.04617515264302696,
      "walltime": 0.7524352080072276
    },
    "down_proj": {
      "shape": [
        2560,
        10240
      ],
      "H": 7.768189907073975,
      "r_eff": 2364.18798828125,
      "alpha": 0.36086962098093595,
      "r2": 0.8577291671928524,
      "compression": 256.0,
      "explained": 0.03912068625162135,
      "walltime": 3.802028208010597
    }
  },
  "26B-A4B": {
    "q_proj": {
      "shape": [
        4096,
        2816
      ],
      "H": 7.721408843994141,
      "r_eff": 2256.135986328125,
      "alpha": 0.629262417892947,
      "r2": 0.7567521112719409,
      "compression": 208.59259259259258,
      "explained": 0.07742337268856758,
      "walltime": 1.5812551669951063
    },
    "down_proj": {
      "shape": [
        2816,
        2112
      ],
      "H": 7.410172462463379,
      "r_eff": 1652.7113037109375,
      "alpha": 0.6675159655514186,
      "r2": 0.7159972496831929,
      "compression": 150.85714285714286,
      "explained": 0.14958328366623164,
      "walltime": 0.7778597919968888
    }
  }
}